38301,Bacteria,,Actinobacteria,Actinomycetia,Corynebacteriales,Corynebacteriaceae,Corynebacterium,Corynebacterium_minutissimum
102862,Bacteria,,Proteobacteria,Gammaproteobacteria,Enterobacterales,Morganellaceae,Proteus,Proteus_penneri
1261,Bacteria,,Firmicutes,Clostridia,Eubacteriales,Peptostreptococcaceae,Peptostreptococcus,Peptostreptococcus_anaerobius
126385,Bacteria,,Proteobacteria,Gammaproteobacteria,Enterobacterales,Morganellaceae,Providencia,Providencia_alcalifaciens
1280,Bacteria,,Firmicutes,Bacilli,Bacillales,Staphylococcaceae,Staphylococcus,Staphylococcus_aureus
1282,Bacteria,,Firmicutes,Bacilli,Bacillales,Staphylococcaceae,Staphylococcus,Staphylococcus_epidermidis
1307,Bacteria,,Firmicutes,Bacilli,Lactobacillales,Streptococcaceae,Streptococcus,Streptococcus_suis
1313,Bacteria,,Firmicutes,Bacilli,Lactobacillales,Streptococcaceae,Streptococcus,Streptococcus_pneumoniae
1314,Bacteria,,Firmicutes,Bacilli,Lactobacillales,Streptococcaceae,Streptococcus,Streptococcus_pyogenes
13373,Bacteria,,Proteobacteria,Betaproteobacteria,Burkholderiales,Burkholderiaceae,Burkholderia,Burkholderia_mallei
1392,Bacteria,,Firmicutes,Bacilli,Bacillales,Bacillaceae,Bacillus,Bacillus_anthracis
1396,Bacteria,,Firmicutes,Bacilli,Bacillales,Bacillaceae,Bacillus,Bacillus_cereus
1491,Bacteria,,Firmicutes,Clostridia,Eubacteriales,Clostridiaceae,Clostridium,Clostridium_botulinum
1502,Bacteria,,Firmicutes,Clostridia,Eubacteriales,Clostridiaceae,Clostridium,Clostridium_perfringens
1513,Bacteria,,Firmicutes,Clostridia,Eubacteriales,Clostridiaceae,Clostridium,Clostridium_tetani
1542,Bacteria,,Firmicutes,Clostridia,Eubacteriales,Clostridiaceae,Clostridium,Clostridium_novyi
1638,Bacteria,,Firmicutes,Bacilli,Bacillales,Listeriaceae,Listeria,Listeria_ivanovii
1639,Bacteria,,Firmicutes,Bacilli,Bacillales,Listeriaceae,Listeria,Listeria_monocytogenes
1648,Bacteria,,Firmicutes,Erysipelotrichia,Erysipelotrichales,Erysipelotrichaceae,Erysipelothrix,Erysipelothrix_rhusiopathiae
1655,Bacteria,,Actinobacteria,Actinomycetia,Actinomycetales,Actinomycetaceae,Actinomyces,Actinomyces_naeslundii
1658,Bacteria,,Actinobacteria,Actinomycetia,Actinomycetales,Actinomycetaceae,Actinomyces,Actinomyces_bovis
1659,Bacteria,,Actinobacteria,Actinomycetia,Actinomycetales,Actinomycetaceae,Actinomyces,Actinomyces_israelii
1717,Bacteria,,Actinobacteria,Actinomycetia,Corynebacteriales,Corynebacteriaceae,Corynebacterium,Corynebacterium_diphtheriae
1719,Bacteria,,Actinobacteria,Actinomycetia,Corynebacteriales,Corynebacteriaceae,Corynebacterium,Corynebacterium_pseudotuberculosis
1750,Bacteria,,Actinobacteria,Actinomycetia,Propionibacteriales,Propionibacteriaceae,Arachnia,Arachnia_propionica
1768,Bacteria,,Actinobacteria,Actinomycetia,Corynebacteriales,Mycobacteriaceae,Mycobacterium,Mycobacterium_kansasii
1769,Bacteria,,Actinobacteria,Actinomycetia,Corynebacteriales,Mycobacteriaceae,Mycobacterium,Mycobacterium_leprae
1773,Bacteria,,Actinobacteria,Actinomycetia,Corynebacteriales,Mycobacteriaceae,Mycobacterium,Mycobacterium_tuberculosis
1783,Bacteria,,Actinobacteria,Actinomycetia,Corynebacteriales,Mycobacteriaceae,Mycobacterium,Mycobacterium_scrofulaceum
1784,Bacteria,,Actinobacteria,Actinomycetia,Corynebacteriales,Mycobacteriaceae,Mycobacterium,Mycobacterium_simiae
1787,Bacteria,,Actinobacteria,Actinomycetia,Corynebacteriales,Mycobacteriaceae,Mycobacterium,Mycobacterium_szulgai
1789,Bacteria,,Actinobacteria,Actinomycetia,Corynebacteriales,Mycobacteriaceae,Mycobacterium,Mycobacterium_xenopi
1790,Bacteria,,Actinobacteria,Actinomycetia,Corynebacteriales,Mycobacteriaceae,Mycobacterium,Mycobacterium_asiaticum
1809,Bacteria,,Actinobacteria,Actinomycetia,Corynebacteriales,Mycobacteriaceae,Mycobacterium,Mycobacterium_ulcerans
1823,Bacteria,,Actinobacteria,Actinomycetia,Corynebacteriales,Nocardiaceae,Nocardia,Nocardia_otitidiscaviarum
1824,Bacteria,,Actinobacteria,Actinomycetia,Corynebacteriales,Nocardiaceae,Nocardia,Nocardia_asteroides
1863,Bacteria,,Actinobacteria,Actinomycetia,Micrococcales,Dermatophilaceae,Dermatophilus,Dermatophilus_congolensis
585,Bacteria,,Proteobacteria,Gammaproteobacteria,Enterobacterales,Morganellaceae,Proteus,Proteus_vulgaris
195,Bacteria,,Proteobacteria,Epsilonproteobacteria,Campylobacterales,Campylobacteraceae,Campylobacter,Campylobacter_coli
196,Bacteria,,Proteobacteria,Epsilonproteobacteria,Campylobacterales,Campylobacteraceae,Campylobacter,Campylobacter_fetus
197,Bacteria,,Proteobacteria,Epsilonproteobacteria,Campylobacterales,Campylobacteraceae,Campylobacter,Campylobacter_jejuni
1993,Bacteria,,Actinobacteria,Actinomycetia,Streptosporangiales,Thermomonosporaceae,Actinomadura,Actinomadura_madurae
206,Bacteria,,Proteobacteria,Epsilonproteobacteria,Campylobacterales,Campylobacteraceae,Campylobacter,Campylobacter_sputorum
210,Bacteria,,Proteobacteria,Epsilonproteobacteria,Campylobacterales,Helicobacteraceae,Helicobacter,Helicobacter_pylori
263,Bacteria,,Proteobacteria,Gammaproteobacteria,Thiotrichales,Francisellaceae,Francisella,Francisella_tularensis
2702,Bacteria,,Actinobacteria,Actinomycetia,Bifidobacteriales,Bifidobacteriaceae,Gardnerella,Gardnerella_vaginalis
28264,Bacteria,,Actinobacteria,Actinomycetia,Actinomycetales,Actinomycetaceae,Arcanobacterium,Arcanobacterium_haemolyticum
287,Bacteria,,Proteobacteria,Gammaproteobacteria,Pseudomonadales,Pseudomonadaceae,Pseudomonas,Pseudomonas_aeruginosa
28901,Bacteria,,Proteobacteria,Gammaproteobacteria,Enterobacterales,Enterobacteriaceae,Salmonella,Salmonella_enterica
34105,Bacteria,,Fusobacteria,Fusobacteriia,Fusobacteriales,Leptotrichiaceae,Streptobacillus,Streptobacillus_moniliformis
36808,Bacteria,,Actinobacteria,Actinomycetia,Corynebacteriales,Corynebacteriaceae,Corynebacterium,Corynebacterium_bovis
37326,Bacteria,,Actinobacteria,Actinomycetia,Corynebacteriales,Nocardiaceae,Nocardia,Nocardia_brasiliensis
37328,Bacteria,,Actinobacteria,Actinomycetia,Corynebacteriales,Nocardiaceae,Nocardia,Nocardia_carnea
37329,Bacteria,,Actinobacteria,Actinomycetia,Corynebacteriales,Nocardiaceae,Nocardia,Nocardia_farcinica
37330,Bacteria,,Actinobacteria,Actinomycetia,Corynebacteriales,Nocardiaceae,Nocardia,Nocardia_nova
37333,Bacteria,,Actinobacteria,Actinomycetia,Corynebacteriales,Nocardiaceae,Nocardia,Nocardia_transvalensis
446,Bacteria,,Proteobacteria,Gammaproteobacteria,Legionellales,Legionellaceae,Legionella,Legionella_pneumophila
447,Bacteria,,Proteobacteria,Gammaproteobacteria,Legionellales,Legionellaceae,Legionella,Legionella_bozemanae
470,Bacteria,,Proteobacteria,Gammaproteobacteria,Moraxellales,Moraxellaceae,Acinetobacter,Acinetobacter_baumannii
485,Bacteria,,Proteobacteria,Betaproteobacteria,Neisseriales,Neisseriaceae,Neisseria,Neisseria_gonorrhoeae
487,Bacteria,,Proteobacteria,Betaproteobacteria,Neisseriales,Neisseriaceae,Neisseria,Neisseria_meningitidis
504,Bacteria,,Proteobacteria,Betaproteobacteria,Neisseriales,Neisseriaceae,Kingella,Kingella_kingae
518,Bacteria,,Proteobacteria,Betaproteobacteria,Burkholderiales,Alcaligenaceae,Bordetella,Bordetella_bronchiseptica
519,Bacteria,,Proteobacteria,Betaproteobacteria,Burkholderiales,Alcaligenaceae,Bordetella,Bordetella_parapertussis
520,Bacteria,,Proteobacteria,Betaproteobacteria,Burkholderiales,Alcaligenaceae,Bordetella,Bordetella_pertussis
52769,Bacteria,,Actinobacteria,Actinomycetia,Actinomycetales,Actinomycetaceae,Actinomyces,Actinomyces_gerencseriae
539,Bacteria,,Proteobacteria,Betaproteobacteria,Neisseriales,Neisseriaceae,Eikenella,Eikenella_corrodens
550,Bacteria,,Proteobacteria,Gammaproteobacteria,Enterobacterales,Enterobacteriaceae,Enterobacter,Enterobacter_cloacae
571,Bacteria,,Proteobacteria,Gammaproteobacteria,Enterobacterales,Enterobacteriaceae,Klebsiella,Klebsiella_oxytoca
582,Bacteria,,Proteobacteria,Gammaproteobacteria,Enterobacterales,Morganellaceae,Morganella,Morganella_morganii
584,Bacteria,,Proteobacteria,Gammaproteobacteria,Enterobacterales,Morganellaceae,Proteus,Proteus_mirabilis
587,Bacteria,,Proteobacteria,Gammaproteobacteria,Enterobacterales,Morganellaceae,Providencia,Providencia_rettgeri
614,Bacteria,,Proteobacteria,Gammaproteobacteria,Enterobacterales,Yersiniaceae,Serratia,Serratia_liquefaciens
615,Bacteria,,Proteobacteria,Gammaproteobacteria,Enterobacterales,Yersiniaceae,Serratia,Serratia_marcescens
630,Bacteria,,Proteobacteria,Gammaproteobacteria,Enterobacterales,Yersiniaceae,Yersinia,Yersinia_enterocolitica
632,Bacteria,,Proteobacteria,Gammaproteobacteria,Enterobacterales,Yersiniaceae,Yersinia,Yersinia_pestis
633,Bacteria,,Proteobacteria,Gammaproteobacteria,Enterobacterales,Yersiniaceae,Yersinia,Yersinia_pseudotuberculosis
636,Bacteria,,Proteobacteria,Gammaproteobacteria,Enterobacterales,Hafniaceae,Edwardsiella,Edwardsiella_tarda
644,Bacteria,,Proteobacteria,Gammaproteobacteria,Aeromonadales,Aeromonadaceae,Aeromonas,Aeromonas_hydrophila
65058,Bacteria,,Actinobacteria,Actinomycetia,Corynebacteriales,Corynebacteriaceae,Corynebacterium,Corynebacterium_ulcerans
666,Bacteria,,Proteobacteria,Gammaproteobacteria,Vibrionales,Vibrionaceae,Vibrio,Vibrio_cholerae
672,Bacteria,,Proteobacteria,Gammaproteobacteria,Vibrionales,Vibrionaceae,Vibrio,Vibrio_vulnificus
703,Bacteria,,Proteobacteria,Gammaproteobacteria,Enterobacterales,Enterobacteriaceae,Plesiomonas,Plesiomonas_shigelloides
727,Bacteria,,Proteobacteria,Gammaproteobacteria,Pasteurellales,Pasteurellaceae,Haemophilus,Haemophilus_influenzae
747,Bacteria,,Proteobacteria,Gammaproteobacteria,Pasteurellales,Pasteurellaceae,Pasteurella,Pasteurella_multocida
817,Bacteria,,Bacteroidetes,Bacteroidia,Bacteroidales,Bacteroidaceae,Bacteroides,Bacteroides_fragilis
84025,Bacteria,,Firmicutes,Clostridia,Eubacteriales,Clostridiaceae,Clostridium,Clostridium_haemolyticum
859,Bacteria,,Fusobacteria,Fusobacteriia,Fusobacteriales,Fusobacteriaceae,Fusobacterium,Fusobacterium_necrophorum
1496,Bacteria,,Firmicutes,Clostridia,Eubacteriales,Peptostreptococcaceae,Clostridioides,Clostridioides_difficile
1498,Bacteria,,Firmicutes,Clostridia,Eubacteriales,Clostridiaceae,Hathewaya,Hathewaya_histolytica
1505,Bacteria,,Firmicutes,Clostridia,Eubacteriales,Peptostreptococcaceae,Paeniclostridium,Paeniclostridium_sordellii
1661,Bacteria,,Actinobacteria,Actinomycetia,Actinomycetales,Actinomycetaceae,Trueperella,Trueperella_pyogenes
1766,Bacteria,,Actinobacteria,Actinomycetia,Corynebacteriales,Mycobacteriaceae,Mycolicibacterium,Mycolicibacterium_fortuitum
2074,Bacteria,,Actinobacteria,Actinomycetia,Pseudonocardiales,Pseudonocardiaceae,Pseudonocardia,Pseudonocardia_autotrophica
238,Bacteria,,Bacteroidetes,Flavobacteriia,Flavobacteriales,Weeksellaceae,Elizabethkingia,Elizabethkingia_meningoseptica
43767,Bacteria,,Actinobacteria,Actinomycetia,Corynebacteriales,Nocardiaceae,Rhodococcus,Rhodococcus_equi
548,Bacteria,,Proteobacteria,Gammaproteobacteria,Enterobacterales,Enterobacteriaceae,Klebsiella,Klebsiella_aerogenes
648,Bacteria,,Proteobacteria,Gammaproteobacteria,Aeromonadales,Aeromonadaceae,Aeromonas,Aeromonas_caviae
714,Bacteria,,Proteobacteria,Gammaproteobacteria,Pasteurellales,Pasteurellaceae,Aggregatibacter,Aggregatibacter_actinomycetemcomitans
730,Bacteria,,Proteobacteria,Gammaproteobacteria,Pasteurellales,Pasteurellaceae,Haemophilus,Haemophilus_ducreyi
1764,Bacteria,,Actinobacteria,Actinomycetia,Corynebacteriales,Mycobacteriaceae,Mycobacterium,Mycobacterium_avium
162426,Bacteria,,Actinobacteria,Actinomycetia,Micrococcales,Microbacteriaceae,Microbacterium,Microbacterium_hominis
1774,Bacteria,,Actinobacteria,Actinomycetia,Corynebacteriales,Mycobacteriaceae,Mycobacteroides,Mycobacteroides_chelonae
1780,Bacteria,,Actinobacteria,Actinomycetia,Corynebacteriales,Mycobacteriaceae,Mycobacterium,Mycobacterium_malmoense
28090,Bacteria,,Proteobacteria,Gammaproteobacteria,Moraxellales,Moraxellaceae,Acinetobacter,Acinetobacter_lwoffii
562,Bacteria,,Proteobacteria,Gammaproteobacteria,Enterobacterales,Enterobacteriaceae,Escherichia,Escherichia_coli
573,Bacteria,,Proteobacteria,Gammaproteobacteria,Enterobacterales,Enterobacteriaceae,Klebsiella,Klebsiella_pneumoniae
758,Bacteria,,Proteobacteria,Gammaproteobacteria,Pasteurellales,Pasteurellaceae,Rodentibacter,Rodentibacter_pneumotropicus
670,Bacteria,,Proteobacteria,Gammaproteobacteria,Vibrionales,Vibrionaceae,Vibrio,Vibrio_parahaemolyticus
1428,Bacteria,,Firmicutes,Bacilli,Bacillales,Bacillaceae,Bacillus,Bacillus_thuringiensis
413497,Bacteria,,Proteobacteria,Gammaproteobacteria,Enterobacterales,Enterobacteriaceae,Cronobacter,Cronobacter_dublinensis
413503,Bacteria,,Proteobacteria,Gammaproteobacteria,Enterobacterales,Enterobacteriaceae,Cronobacter,Cronobacter_malonaticus
28141,Bacteria,,Proteobacteria,Gammaproteobacteria,Enterobacterales,Enterobacteriaceae,Cronobacter,Cronobacter_sakazakii
881260,Bacteria,,Proteobacteria,Gammaproteobacteria,Enterobacterales,Enterobacteriaceae,Enterobacter,Enterobacter_bugandensis
1351,Bacteria,,Firmicutes,Bacilli,Lactobacillales,Enterococcaceae,Enterococcus,Enterococcus_faecalis
1352,Bacteria,,Firmicutes,Bacilli,Lactobacillales,Enterococcaceae,Enterococcus,Enterococcus_faecium
1642,Bacteria,,Firmicutes,Bacilli,Bacillales,Listeriaceae,Listeria,Listeria_innocua
985002,Bacteria,,Firmicutes,Bacilli,Bacillales,Staphylococcaceae,Staphylococcus,Staphylococcus_argenteus
1283,Bacteria,,Firmicutes,Bacilli,Bacillales,Staphylococcaceae,Staphylococcus,Staphylococcus_haemolyticus
1292,Bacteria,,Firmicutes,Bacilli,Bacillales,Staphylococcaceae,Staphylococcus,Staphylococcus_warneri
663,Bacteria,,Proteobacteria,Gammaproteobacteria,Vibrionales,Vibrionaceae,Vibrio,Vibrio_alginolyticus
621,Bacteria,,Proteobacteria,Gammaproteobacteria,Enterobacterales,Enterobacteriaceae,Shigella,Shigella_boydii
622,Bacteria,,Proteobacteria,Gammaproteobacteria,Enterobacterales,Enterobacteriaceae,Shigella,Shigella_dysenteriae
623,Bacteria,,Proteobacteria,Gammaproteobacteria,Enterobacterales,Enterobacteriaceae,Shigella,Shigella_flexneri
624,Bacteria,,Proteobacteria,Gammaproteobacteria,Enterobacterales,Enterobacteriaceae,Shigella,Shigella_sonnei
1389935,Bacteria,,Proteobacteria,Betaproteobacteria,Burkholderiales,Alcaligenaceae,Achromobacter,Achromobacter_animicus
72556,Bacteria,,Proteobacteria,Betaproteobacteria,Burkholderiales,Alcaligenaceae,Achromobacter,Achromobacter_piechaudii
72557,Bacteria,,Proteobacteria,Betaproteobacteria,Burkholderiales,Alcaligenaceae,Achromobacter,Achromobacter_ruhlandii
106648,Bacteria,,Proteobacteria,Gammaproteobacteria,Moraxellales,Moraxellaceae,Acinetobacter,Acinetobacter_bereziniae
280145,Bacteria,,Proteobacteria,Gammaproteobacteria,Moraxellales,Moraxellaceae,Acinetobacter,Acinetobacter_colistiniresistens
280147,Bacteria,,Proteobacteria,Gammaproteobacteria,Moraxellales,Moraxellaceae,Acinetobacter,Acinetobacter_courvalinii
106649,Bacteria,,Proteobacteria,Gammaproteobacteria,Moraxellales,Moraxellaceae,Acinetobacter,Acinetobacter_guillouiae
29430,Bacteria,,Proteobacteria,Gammaproteobacteria,Moraxellales,Moraxellaceae,Acinetobacter,Acinetobacter_haemolyticus
40214,Bacteria,,Proteobacteria,Gammaproteobacteria,Moraxellales,Moraxellaceae,Acinetobacter,Acinetobacter_johnsonii
40215,Bacteria,,Proteobacteria,Gammaproteobacteria,Moraxellales,Moraxellaceae,Acinetobacter,Acinetobacter_junii
106654,Bacteria,,Proteobacteria,Gammaproteobacteria,Moraxellales,Moraxellaceae,Acinetobacter,Acinetobacter_nosocomialis
1148157,Bacteria,,Proteobacteria,Gammaproteobacteria,Moraxellales,Moraxellaceae,Acinetobacter,Acinetobacter_oleivorans
134533,Bacteria,,Proteobacteria,Gammaproteobacteria,Moraxellales,Moraxellaceae,Acinetobacter,Acinetobacter_parvus
48296,Bacteria,,Proteobacteria,Gammaproteobacteria,Moraxellales,Moraxellaceae,Acinetobacter,Acinetobacter_pittii
40216,Bacteria,,Proteobacteria,Gammaproteobacteria,Moraxellales,Moraxellaceae,Acinetobacter,Acinetobacter_radioresistens
108981,Bacteria,,Proteobacteria,Gammaproteobacteria,Moraxellales,Moraxellaceae,Acinetobacter,Acinetobacter_schindleri
1530123,Bacteria,,Proteobacteria,Gammaproteobacteria,Moraxellales,Moraxellaceae,Acinetobacter,Acinetobacter_seifertii
487316,Bacteria,,Proteobacteria,Gammaproteobacteria,Moraxellales,Moraxellaceae,Acinetobacter,Acinetobacter_soli
108980,Bacteria,,Proteobacteria,Gammaproteobacteria,Moraxellales,Moraxellaceae,Acinetobacter,Acinetobacter_ursingii
461393,Bacteria,,Actinobacteria,Actinomycetia,Actinomycetales,Actinomycetaceae,Actinomyces,Actinomyces_massiliensis
544580,Bacteria,,Actinobacteria,Actinomycetia,Actinomycetales,Actinomycetaceae,Actinomyces,Actinomyces_oris
103621,Bacteria,,Actinobacteria,Actinomycetia,Actinomycetales,Actinomycetaceae,Actinomyces,Actinomyces_urogenitalis
196024,Bacteria,,Proteobacteria,Gammaproteobacteria,Aeromonadales,Aeromonadaceae,Aeromonas,Aeromonas_dhakensis
502790,Bacteria,,Proteobacteria,Gammaproteobacteria,Aeromonadales,Aeromonadaceae,Aeromonas,Aeromonas_diversa
650,Bacteria,,Proteobacteria,Gammaproteobacteria,Aeromonadales,Aeromonadaceae,Aeromonas,Aeromonas_jandaei
651,Bacteria,,Proteobacteria,Gammaproteobacteria,Aeromonadales,Aeromonadaceae,Aeromonas,Aeromonas_media
652,Bacteria,,Proteobacteria,Gammaproteobacteria,Aeromonadales,Aeromonadaceae,Aeromonas,Aeromonas_schubertii
654,Bacteria,,Proteobacteria,Gammaproteobacteria,Aeromonadales,Aeromonadaceae,Aeromonas,Aeromonas_veronii
1402,Bacteria,,Firmicutes,Bacilli,Bacillales,Bacillaceae,Bacillus,Bacillus_licheniformis
1408,Bacteria,,Firmicutes,Bacilli,Bacillales,Bacillaceae,Bacillus,Bacillus_pumilus
1423,Bacteria,,Firmicutes,Bacilli,Bacillales,Bacillaceae,Bacillus,Bacillus_subtilis
47678,Bacteria,,Bacteroidetes,Bacteroidia,Bacteroidales,Bacteroidaceae,Bacteroides,Bacteroides_caccae
357276,Bacteria,,Bacteroidetes,Bacteroidia,Bacteroidales,Bacteroidaceae,Phocaeicola,Phocaeicola_dorei
626930,Bacteria,,Bacteroidetes,Bacteroidia,Bacteroidales,Bacteroidaceae,Bacteroides,Bacteroides_fluxus
310300,Bacteria,,Bacteroidetes,Bacteroidia,Bacteroidales,Bacteroidaceae,Bacteroides,Bacteroides_pyogenes
28119,Bacteria,,Bacteroidetes,Bacteroidia,Bacteroidales,Bacteroidaceae,Bacteroides,Bacteroides_zoogleoformans
35814,Bacteria,,Proteobacteria,Betaproteobacteria,Burkholderiales,Alcaligenaceae,Bordetella,Bordetella_holmesii
123899,Bacteria,,Proteobacteria,Betaproteobacteria,Burkholderiales,Alcaligenaceae,Bordetella,Bordetella_trematum
95486,Bacteria,,Proteobacteria,Betaproteobacteria,Burkholderiales,Burkholderiaceae,Burkholderia,Burkholderia_cenocepacia
292,Bacteria,,Proteobacteria,Betaproteobacteria,Burkholderiales,Burkholderiaceae,Burkholderia,Burkholderia_cepacia
152500,Bacteria,,Proteobacteria,Betaproteobacteria,Burkholderiales,Burkholderiaceae,Burkholderia,Burkholderia_dolosa
28095,Bacteria,,Proteobacteria,Betaproteobacteria,Burkholderiales,Burkholderiaceae,Burkholderia,Burkholderia_gladioli
337,Bacteria,,Proteobacteria,Betaproteobacteria,Burkholderiales,Burkholderiaceae,Burkholderia,Burkholderia_glumae
482957,Bacteria,,Proteobacteria,Betaproteobacteria,Burkholderiales,Burkholderiaceae,Burkholderia,Burkholderia_lata
488446,Bacteria,,Proteobacteria,Betaproteobacteria,Burkholderiales,Burkholderiaceae,Burkholderia,Burkholderia_latens
342113,Bacteria,,Proteobacteria,Betaproteobacteria,Burkholderiales,Burkholderiaceae,Burkholderia,Burkholderia_oklahomensis
60552,Bacteria,,Proteobacteria,Betaproteobacteria,Burkholderiales,Burkholderiaceae,Burkholderia,Burkholderia_vietnamiensis
199,Bacteria,,Proteobacteria,Epsilonproteobacteria,Campylobacterales,Campylobacteraceae,Campylobacter,Campylobacter_concisus
200,Bacteria,,Proteobacteria,Epsilonproteobacteria,Campylobacterales,Campylobacteraceae,Campylobacter,Campylobacter_curvus
198,Bacteria,,Proteobacteria,Epsilonproteobacteria,Campylobacterales,Campylobacteraceae,Campylobacter,Campylobacter_hyointestinalis
201,Bacteria,,Proteobacteria,Epsilonproteobacteria,Campylobacterales,Campylobacteraceae,Campylobacter,Campylobacter_lari
28080,Bacteria,,Proteobacteria,Epsilonproteobacteria,Campylobacterales,Campylobacteraceae,Campylobacter,Campylobacter_upsaliensis
83558,Bacteria,,Chlamydiae,Chlamydiia,Chlamydiales,Chlamydiaceae,Chlamydia,Chlamydia_pneumoniae
83554,Bacteria,,Chlamydiae,Chlamydiia,Chlamydiales,Chlamydiaceae,Chlamydia,Chlamydia_psittaci
35703,Bacteria,,Proteobacteria,Gammaproteobacteria,Enterobacterales,Enterobacteriaceae,Citrobacter,Citrobacter_amalonaticus
67824,Bacteria,,Proteobacteria,Gammaproteobacteria,Enterobacterales,Enterobacteriaceae,Citrobacter,Citrobacter_farmeri
546,Bacteria,,Proteobacteria,Gammaproteobacteria,Enterobacterales,Enterobacteriaceae,Citrobacter,Citrobacter_freundii
545,Bacteria,,Proteobacteria,Gammaproteobacteria,Enterobacterales,Enterobacteriaceae,Citrobacter,Citrobacter_koseri
67826,Bacteria,,Proteobacteria,Gammaproteobacteria,Enterobacterales,Enterobacteriaceae,Citrobacter,Citrobacter_sedlakii
133448,Bacteria,,Proteobacteria,Gammaproteobacteria,Enterobacterales,Enterobacteriaceae,Citrobacter,Citrobacter_youngae
1561,Bacteria,,Firmicutes,Clostridia,Eubacteriales,Clostridiaceae,Clostridium,Clostridium_baratii
1529,Bacteria,,Firmicutes,Clostridia,Eubacteriales,Clostridiaceae,Clostridium,Clostridium_cadaveris
84024,Bacteria,,Firmicutes,Clostridia,Eubacteriales,Clostridiaceae,Clostridium,Clostridium_disporicum
154046,Bacteria,,Firmicutes,Clostridia,Eubacteriales,Clostridiaceae,Hungatella,Hungatella_hathewayi
29363,Bacteria,,Firmicutes,Clostridia,Eubacteriales,Clostridiaceae,Clostridium,Clostridium_paraputrificum
1559,Bacteria,,Firmicutes,Clostridia,Eubacteriales,Clostridiaceae,Clostridium,Clostridium_tertium
1267,Bacteria,,Firmicutes,Clostridia,Eubacteriales,Clostridiaceae,Sarcina,Sarcina_ventriculi
169292,Bacteria,,Actinobacteria,Actinomycetia,Corynebacteriales,Corynebacteriaceae,Corynebacterium,Corynebacterium_aurimucosum
108486,Bacteria,,Actinobacteria,Actinomycetia,Corynebacteriales,Corynebacteriaceae,Corynebacterium,Corynebacterium_falsenii
134034,Bacteria,,Actinobacteria,Actinomycetia,Corynebacteriales,Corynebacteriaceae,Corynebacterium,Corynebacterium_freneyi
38288,Bacteria,,Actinobacteria,Actinomycetia,Corynebacteriales,Corynebacteriaceae,Corynebacterium,Corynebacterium_genitalium
38289,Bacteria,,Actinobacteria,Actinomycetia,Corynebacteriales,Corynebacteriaceae,Corynebacterium,Corynebacterium_jeikeium
38290,Bacteria,,Actinobacteria,Actinomycetia,Corynebacteriales,Corynebacteriaceae,Corynebacterium,Corynebacterium_macginleyi
57171,Bacteria,,Actinobacteria,Actinomycetia,Corynebacteriales,Corynebacteriaceae,Corynebacterium,Corynebacterium_mucifaciens
43769,Bacteria,,Actinobacteria,Actinomycetia,Corynebacteriales,Corynebacteriaceae,Corynebacterium,Corynebacterium_propinquum
37637,Bacteria,,Actinobacteria,Actinomycetia,Corynebacteriales,Corynebacteriaceae,Corynebacterium,Corynebacterium_pseudodiphtheriticum
43770,Bacteria,,Actinobacteria,Actinomycetia,Corynebacteriales,Corynebacteriaceae,Corynebacterium,Corynebacterium_striatum
1725,Bacteria,,Actinobacteria,Actinomycetia,Corynebacteriales,Corynebacteriaceae,Corynebacterium,Corynebacterium_xerosis
61645,Bacteria,,Proteobacteria,Gammaproteobacteria,Enterobacterales,Enterobacteriaceae,Enterobacter,Enterobacter_asburiae
69218,Bacteria,,Proteobacteria,Gammaproteobacteria,Enterobacterales,Enterobacteriaceae,Enterobacter,Enterobacter_cancerogenus
33945,Bacteria,,Firmicutes,Bacilli,Lactobacillales,Enterococcaceae,Enterococcus,Enterococcus_avium
37734,Bacteria,,Firmicutes,Bacilli,Lactobacillales,Enterococcaceae,Enterococcus,Enterococcus_casseliflavus
53345,Bacteria,,Firmicutes,Bacilli,Lactobacillales,Enterococcaceae,Enterococcus,Enterococcus_durans
1353,Bacteria,,Firmicutes,Bacilli,Lactobacillales,Enterococcaceae,Enterococcus,Enterococcus_gallinarum
53346,Bacteria,,Firmicutes,Bacilli,Lactobacillales,Enterococcaceae,Enterococcus,Enterococcus_mundtii
44007,Bacteria,,Firmicutes,Bacilli,Lactobacillales,Enterococcaceae,Enterococcus,Enterococcus_pseudoavium
1499973,Bacteria,,Proteobacteria,Gammaproteobacteria,Enterobacterales,Enterobacteriaceae,Escherichia,Escherichia_marmotae
851,Bacteria,,Fusobacteria,Fusobacteriia,Fusobacteriales,Fusobacteriaceae,Fusobacterium,Fusobacterium_nucleatum
861,Bacteria,,Fusobacteria,Fusobacteriia,Fusobacteriales,Fusobacteriaceae,Fusobacterium,Fusobacterium_ulcerans
856,Bacteria,,Fusobacteria,Fusobacteriia,Fusobacteriales,Fusobacteriaceae,Fusobacterium,Fusobacterium_varium
197575,Bacteria,,Proteobacteria,Gammaproteobacteria,Pasteurellales,Pasteurellaceae,Haemophilus,Haemophilus_aegyptius
726,Bacteria,,Proteobacteria,Gammaproteobacteria,Pasteurellales,Pasteurellaceae,Haemophilus,Haemophilus_haemolyticus
735,Bacteria,,Proteobacteria,Gammaproteobacteria,Pasteurellales,Pasteurellaceae,Haemophilus,Haemophilus_parahaemolyticus
736,Bacteria,,Proteobacteria,Gammaproteobacteria,Pasteurellales,Pasteurellaceae,Haemophilus,Haemophilus_paraphrohaemolyticus
123834,Bacteria,,Proteobacteria,Gammaproteobacteria,Pasteurellales,Pasteurellaceae,Haemophilus,Haemophilus_quentini
37372,Bacteria,,Proteobacteria,Epsilonproteobacteria,Campylobacterales,Helicobacteraceae,Helicobacter,Helicobacter_bilis
123841,Bacteria,,Proteobacteria,Epsilonproteobacteria,Campylobacterales,Helicobacteraceae,Helicobacter,Helicobacter_canadensis
29419,Bacteria,,Proteobacteria,Epsilonproteobacteria,Campylobacterales,Helicobacteraceae,Helicobacter,Helicobacter_canis
213,Bacteria,,Proteobacteria,Epsilonproteobacteria,Campylobacterales,Helicobacteraceae,Helicobacter,Helicobacter_cinaedi
35818,Bacteria,,Proteobacteria,Epsilonproteobacteria,Campylobacterales,Helicobacteraceae,Helicobacter,Helicobacter_pullorum
1134687,Bacteria,,Proteobacteria,Gammaproteobacteria,Enterobacterales,Enterobacteriaceae,Klebsiella,Klebsiella_michiganensis
244366,Bacteria,,Proteobacteria,Gammaproteobacteria,Enterobacterales,Enterobacteriaceae,Klebsiella,Klebsiella_variicola
1579,Bacteria,,Firmicutes,Bacilli,Lactobacillales,Lactobacillaceae,Lactobacillus,Lactobacillus_acidophilus
1613,Bacteria,,Firmicutes,Bacilli,Lactobacillales,Lactobacillaceae,Limosilactobacillus,Limosilactobacillus_fermentum
1596,Bacteria,,Firmicutes,Bacilli,Lactobacillales,Lactobacillaceae,Lactobacillus,Lactobacillus_gasseri
109790,Bacteria,,Firmicutes,Bacilli,Lactobacillales,Lactobacillaceae,Lactobacillus,Lactobacillus_jensenii
2107999,Bacteria,,Firmicutes,Bacilli,Lactobacillales,Lactobacillaceae,Lactobacillus,Lactobacillus_paragasseri
1590,Bacteria,,Firmicutes,Bacilli,Lactobacillales,Lactobacillaceae,Lactiplantibacillus,Lactiplantibacillus_plantarum
47715,Bacteria,,Firmicutes,Bacilli,Lactobacillales,Lactobacillaceae,Lacticaseibacillus,Lacticaseibacillus_rhamnosus
1363,Bacteria,,Firmicutes,Bacilli,Lactobacillales,Streptococcaceae,Lactococcus,Lactococcus_garvieae
1358,Bacteria,,Firmicutes,Bacilli,Lactobacillales,Streptococcaceae,Lactococcus,Lactococcus_lactis
456,Bacteria,,Proteobacteria,Gammaproteobacteria,Legionellales,Legionellaceae,Legionella,Legionella_jordanis
450,Bacteria,,Proteobacteria,Gammaproteobacteria,Legionellales,Legionellaceae,Legionella,Legionella_longbeachae
1641,Bacteria,,Firmicutes,Bacilli,Bacillales,Listeriaceae,Listeria,Listeria_grayi
1270,Bacteria,,Actinobacteria,Actinomycetia,Micrococcales,Micrococcaceae,Micrococcus,Micrococcus_luteus
480,Bacteria,,Proteobacteria,Gammaproteobacteria,Moraxellales,Moraxellaceae,Moraxella,Moraxella_catarrhalis
478,Bacteria,,Proteobacteria,Gammaproteobacteria,Moraxellales,Moraxellaceae,Moraxella,Moraxella_nonliquefaciens
326522,Bacteria,,Proteobacteria,Betaproteobacteria,Neisseriales,Neisseriaceae,Neisseria,Neisseria_animaloris
267212,Bacteria,,Proteobacteria,Betaproteobacteria,Neisseriales,Neisseriaceae,Neisseria,Neisseria_bacilliformis
483,Bacteria,,Proteobacteria,Betaproteobacteria,Neisseriales,Neisseriaceae,Neisseria,Neisseria_cinerea
484,Bacteria,,Proteobacteria,Betaproteobacteria,Neisseriales,Neisseriaceae,Neisseria,Neisseria_flavescens
488,Bacteria,,Proteobacteria,Betaproteobacteria,Neisseriales,Neisseriaceae,Neisseria,Neisseria_mucosa
120957,Bacteria,,Actinobacteria,Actinomycetia,Corynebacteriales,Nocardiaceae,Nocardia,Nocardia_abscessus
95162,Bacteria,,Actinobacteria,Actinomycetia,Corynebacteriales,Nocardiaceae,Nocardia,Nocardia_beijingensis
85688,Bacteria,,Actinobacteria,Actinomycetia,Corynebacteriales,Nocardiaceae,Nocardia,Nocardia_cerradoensis
53429,Bacteria,,Actinobacteria,Actinomycetia,Corynebacteriales,Nocardiaceae,Nocardia,Nocardia_flavorosea
228599,Bacteria,,Actinobacteria,Actinomycetia,Corynebacteriales,Nocardiaceae,Nocardia,Nocardia_higoensis
480035,Bacteria,,Actinobacteria,Actinomycetia,Corynebacteriales,Nocardiaceae,Nocardia,Nocardia_wallacei
28123,Bacteria,,Bacteroidetes,Bacteroidia,Bacteroidales,Porphyromonadaceae,Porphyromonas,Porphyromonas_asaccharolytica
837,Bacteria,,Bacteroidetes,Bacteroidia,Bacteroidales,Porphyromonadaceae,Porphyromonas,Porphyromonas_gingivalis
305719,Bacteria,,Bacteroidetes,Bacteroidia,Bacteroidales,Prevotellaceae,Prevotella,Prevotella_baroniae
165179,Bacteria,,Bacteroidetes,Bacteroidia,Bacteroidales,Prevotellaceae,Prevotella,Prevotella_copri
52227,Bacteria,,Bacteroidetes,Bacteroidia,Bacteroidales,Prevotellaceae,Prevotella,Prevotella_dentalis
28129,Bacteria,,Bacteroidetes,Bacteroidia,Bacteroidales,Prevotellaceae,Prevotella,Prevotella_denticola
28131,Bacteria,,Bacteroidetes,Bacteroidia,Bacteroidales,Prevotellaceae,Prevotella,Prevotella_intermedia
840,Bacteria,,Bacteroidetes,Bacteroidia,Bacteroidales,Prevotellaceae,Prevotella,Prevotella_loescheii
28133,Bacteria,,Bacteroidetes,Bacteroidia,Bacteroidales,Prevotellaceae,Prevotella,Prevotella_nigrescens
28135,Bacteria,,Bacteroidetes,Bacteroidia,Bacteroidales,Prevotellaceae,Prevotella,Prevotella_oris
839,Bacteria,,Bacteroidetes,Bacteroidia,Bacteroidales,Prevotellaceae,Prevotella,Prevotella_ruminicola
47880,Bacteria,,Proteobacteria,Gammaproteobacteria,Pseudomonadales,Pseudomonadaceae,Pseudomonas,Pseudomonas_fulva
198620,Bacteria,,Proteobacteria,Gammaproteobacteria,Pseudomonadales,Pseudomonadaceae,Pseudomonas,Pseudomonas_koreensis
76759,Bacteria,,Proteobacteria,Gammaproteobacteria,Pseudomonadales,Pseudomonadaceae,Pseudomonas,Pseudomonas_monteilii
47885,Bacteria,,Proteobacteria,Gammaproteobacteria,Pseudomonadales,Pseudomonadaceae,Pseudomonas,Pseudomonas_oryzihabitans
2047,Bacteria,,Actinobacteria,Actinomycetia,Micrococcales,Micrococcaceae,Rothia,Rothia_dentocariosa
93064,Bacteria,,Proteobacteria,Alphaproteobacteria,Sphingomonadales,Sphingomonadaceae,Sphingomonas,Sphingomonas_koreensis
29379,Bacteria,,Firmicutes,Bacilli,Bacillales,Staphylococcaceae,Staphylococcus,Staphylococcus_auricularis
29382,Bacteria,,Firmicutes,Bacilli,Bacillales,Staphylococcaceae,Staphylococcus,Staphylococcus_cohnii
70255,Bacteria,,Firmicutes,Bacilli,Bacillales,Staphylococcaceae,Staphylococcus,Staphylococcus_condimenti
1290,Bacteria,,Firmicutes,Bacilli,Bacillales,Staphylococcaceae,Staphylococcus,Staphylococcus_hominis
214473,Bacteria,,Firmicutes,Bacilli,Bacillales,Staphylococcaceae,Staphylococcus,Staphylococcus_nepalensis
45972,Bacteria,,Firmicutes,Bacilli,Bacillales,Staphylococcaceae,Staphylococcus,Staphylococcus_pasteuri
170573,Bacteria,,Firmicutes,Bacilli,Bacillales,Staphylococcaceae,Staphylococcus,Staphylococcus_pettenkoferi
29385,Bacteria,,Firmicutes,Bacilli,Bacillales,Staphylococcaceae,Staphylococcus,Staphylococcus_saprophyticus
1295,Bacteria,,Firmicutes,Bacilli,Bacillales,Staphylococcaceae,Staphylococcus,Staphylococcus_schleiferi
1288,Bacteria,,Firmicutes,Bacilli,Bacillales,Staphylococcaceae,Staphylococcus,Staphylococcus_xylosus
1311,Bacteria,,Firmicutes,Bacilli,Lactobacillales,Streptococcaceae,Streptococcus,Streptococcus_agalactiae
76860,Bacteria,,Firmicutes,Bacilli,Lactobacillales,Streptococcaceae,Streptococcus,Streptococcus_constellatus
45634,Bacteria,,Firmicutes,Bacilli,Lactobacillales,Streptococcaceae,Streptococcus,Streptococcus_cristatus
1336,Bacteria,,Firmicutes,Bacilli,Lactobacillales,Streptococcaceae,Streptococcus,Streptococcus_equi
315405,Bacteria,,Firmicutes,Bacilli,Lactobacillales,Streptococcaceae,Streptococcus,Streptococcus_gallolyticus
254785,Bacteria,,Firmicutes,Bacilli,Lactobacillales,Streptococcaceae,Streptococcus,Streptococcus_halichoeri
1346,Bacteria,,Firmicutes,Bacilli,Lactobacillales,Streptococcaceae,Streptococcus,Streptococcus_iniae
1338,Bacteria,,Firmicutes,Bacilli,Lactobacillales,Streptococcaceae,Streptococcus,Streptococcus_intermedius
684066,Bacteria,,Firmicutes,Bacilli,Lactobacillales,Streptococcaceae,Streptococcus,Streptococcus_lactarius
1318,Bacteria,,Firmicutes,Bacilli,Lactobacillales,Streptococcaceae,Streptococcus,Streptococcus_parasanguinis
197614,Bacteria,,Firmicutes,Bacilli,Lactobacillales,Streptococcaceae,Streptococcus,Streptococcus_pasteurianus
257758,Bacteria,,Firmicutes,Bacilli,Lactobacillales,Streptococcaceae,Streptococcus,Streptococcus_pseudopneumoniae
39777,Bacteria,,Firmicutes,Negativicutes,Veillonellales,Veillonellaceae,Veillonella,Veillonella_atypica
39778,Bacteria,,Firmicutes,Negativicutes,Veillonellales,Veillonellaceae,Veillonella,Veillonella_dispar
674,Bacteria,,Proteobacteria,Gammaproteobacteria,Vibrionales,Vibrionaceae,Vibrio,Vibrio_mimicus
29484,Bacteria,,Proteobacteria,Gammaproteobacteria,Enterobacterales,Yersiniaceae,Yersinia,Yersinia_frederiksenii
631,Bacteria,,Proteobacteria,Gammaproteobacteria,Enterobacterales,Yersiniaceae,Yersinia,Yersinia_intermedia
1512,Bacteria,,Firmicutes,Clostridia,Eubacteriales,Lachnospiraceae,Lachnoclostridium,Clostridium_symbiosum
158822,Bacteria,,Proteobacteria,Gammaproteobacteria,Enterobacterales,Enterobacteriaceae,Cedecea,Cedecea_neteri
73010,Bacteria,,Proteobacteria,Gammaproteobacteria,Aeromonadales,Aeromonadaceae,Aeromonas,Aeromonas_encheleia
57706,Bacteria,,Proteobacteria,Gammaproteobacteria,Enterobacterales,Enterobacteriaceae,Citrobacter,Citrobacter_braakii
29494,Bacteria,,Proteobacteria,Gammaproteobacteria,Vibrionales,Vibrionaceae,Vibrio,Vibrio_furnissii
649,Bacteria,,Proteobacteria,Gammaproteobacteria,Aeromonadales,Aeromonadaceae,Aeromonas,Aeromonas_eucrenophila
549,Bacteria,,Proteobacteria,Gammaproteobacteria,Enterobacterales,Erwiniaceae,Pantoea,Pantoea_agglomerans
28172,Bacteria,,Proteobacteria,Gammaproteobacteria,Vibrionales,Vibrionaceae,Vibrio,Vibrio_metschnikovii
70856,Bacteria,,Proteobacteria,Gammaproteobacteria,Aeromonadales,Aeromonadaceae,Aeromonas,Aeromonas_popoffii
158836,Bacteria,,Proteobacteria,Gammaproteobacteria,Enterobacterales,Enterobacteriaceae,Enterobacter,Enterobacter_hormaechei
588,Bacteria,,Proteobacteria,Gammaproteobacteria,Enterobacterales,Morganellaceae,Providencia,Providencia_stuartii
646,Bacteria,,Proteobacteria,Gammaproteobacteria,Aeromonadales,Aeromonadaceae,Aeromonas,Aeromonas_sobria
303,Bacteria,,Proteobacteria,Gammaproteobacteria,Pseudomonadales,Pseudomonadaceae,Pseudomonas,Pseudomonas_putida
1452,Bacteria,,Firmicutes,Bacilli,Bacillales,Bacillaceae,Bacillus,Bacillus_atrophaeus
82996,Bacteria,,Proteobacteria,Gammaproteobacteria,Enterobacterales,Yersiniaceae,Serratia,Serratia_plymuthica
158484,Bacteria,,Proteobacteria,Gammaproteobacteria,Enterobacterales,Enterobacteriaceae,Cedecea,Cedecea_davisae
569,Bacteria,,Proteobacteria,Gammaproteobacteria,Enterobacterales,Hafniaceae,Hafnia,Hafnia_alvei
24,Bacteria,,Proteobacteria,Gammaproteobacteria,Alteromonadales,Shewanellaceae,Shewanella,Shewanella_putrefaciens
28450,Bacteria,,Proteobacteria,Betaproteobacteria,Burkholderiales,Burkholderiaceae,Burkholderia,Burkholderia_pseudomallei
777,Bacteria,,Proteobacteria,Gammaproteobacteria,Legionellales,Coxiellaceae,Coxiella,Coxiella_burnetii
782,Bacteria,,Proteobacteria,Alphaproteobacteria,Rickettsiales,Rickettsiaceae,Rickettsia,Rickettsia_prowazekii
813,Bacteria,,Chlamydiae,Chlamydiia,Chlamydiales,Chlamydiaceae,Chlamydia,Chlamydia_trachomatis
160,Bacteria,,Spirochaetes,Spirochaetia,Spirochaetales,Treponemataceae,Treponema,Treponema_pallidum
38323,Bacteria,,Proteobacteria,Alphaproteobacteria,Hyphomicrobiales,Bartonellaceae,Bartonella,Bartonella_henselae
1674146,Bacteria,,Spirochaetes,Spirochaetia,Spirochaetales,Borreliaceae,Borreliella,Borreliella_mayonii
47466,Bacteria,,Spirochaetes,Spirochaetia,Spirochaetales,Borreliaceae,Borrelia,Borrelia_miyamotoi
40324,Bacteria,,Proteobacteria,Gammaproteobacteria,Xanthomonadales,Xanthomonadaceae,Stenotrophomonas,Stenotrophomonas_maltophilia
948,Bacteria,,Proteobacteria,Alphaproteobacteria,Rickettsiales,Anaplasmataceae,Anaplasma,Anaplasma_phagocytophilum
1562651,Bacteria,,Firmicutes,Bacilli,Lactobacillales,Streptococcaceae,Streptococcus,Streptococcus_pharyngis
1326,Bacteria,,Firmicutes,Bacilli,Lactobacillales,Streptococcaceae,Streptococcus,Streptococcus_acidominimus
313439,Bacteria,,Firmicutes,Bacilli,Lactobacillales,Streptococcaceae,Streptococcus,Streptococcus_massiliensis
165758,Bacteria,,Firmicutes,Bacilli,Lactobacillales,Streptococcaceae,Streptococcus,Streptococcus_gallinaceus
113107,Bacteria,,Firmicutes,Bacilli,Lactobacillales,Streptococcaceae,Streptococcus,Streptococcus_australis
1340,Bacteria,,Firmicutes,Bacilli,Lactobacillales,Streptococcaceae,Streptococcus,Streptococcus_porcinus
150055,Bacteria,,Firmicutes,Bacilli,Lactobacillales,Streptococcaceae,Streptococcus,Streptococcus_lutetiensis
176090,Bacteria,,Firmicutes,Bacilli,Lactobacillales,Streptococcaceae,Streptococcus,Streptococcus_sinensis
1349,Bacteria,,Firmicutes,Bacilli,Lactobacillales,Streptococcaceae,Streptococcus,Streptococcus_uberis
231233,Bacteria,,Firmicutes,Bacilli,Lactobacillales,Streptococcaceae,Streptococcus,Streptococcus_devriesei
1343,Bacteria,,Firmicutes,Bacilli,Lactobacillales,Streptococcaceae,Streptococcus,Streptococcus_vestibularis
1303,Bacteria,,Firmicutes,Bacilli,Lactobacillales,Streptococcaceae,Streptococcus,Streptococcus_oralis
1334,Bacteria,,Firmicutes,Bacilli,Lactobacillales,Streptococcaceae,Streptococcus,Streptococcus_dysgalactiae
1433513,Bacteria,,Firmicutes,Bacilli,Lactobacillales,Streptococcaceae,Streptococcus,Streptococcus_gwangjuense
1302,Bacteria,,Firmicutes,Bacilli,Lactobacillales,Streptococcaceae,Streptococcus,Streptococcus_gordonii
1304,Bacteria,,Firmicutes,Bacilli,Lactobacillales,Streptococcaceae,Streptococcus,Streptococcus_salivarius
1328,Bacteria,,Firmicutes,Bacilli,Lactobacillales,Streptococcaceae,Streptococcus,Streptococcus_anginosus
361101,Bacteria,,Firmicutes,Bacilli,Lactobacillales,Streptococcaceae,Streptococcus,Streptococcus_pseudoporcinus
29389,Bacteria,,Firmicutes,Bacilli,Lactobacillales,Streptococcaceae,Streptococcus,Streptococcus_alactolyticus
33040,Bacteria,,Firmicutes,Bacilli,Lactobacillales,Streptococcaceae,Streptococcus,Streptococcus_milleri
1329,Bacteria,,Firmicutes,Bacilli,Lactobacillales,Streptococcaceae,Streptococcus,Streptococcus_canis
229549,Bacteria,,Firmicutes,Bacilli,Lactobacillales,Streptococcaceae,Streptococcus,Streptococcus_minor
2490633,Bacteria,,Firmicutes,Bacilli,Lactobacillales,Streptococcaceae,Streptococcus,Streptococcus_periodonticum
82348,Bacteria,,Firmicutes,Bacilli,Lactobacillales,Streptococcaceae,Streptococcus,Streptococcus_pluranimalium
1335,Bacteria,,Firmicutes,Bacilli,Lactobacillales,Streptococcaceae,Streptococcus,Streptococcus_equinus
78535,Bacteria,,Firmicutes,Bacilli,Lactobacillales,Streptococcaceae,Streptococcus,Streptococcus_viridans
68892,Bacteria,,Firmicutes,Bacilli,Lactobacillales,Streptococcaceae,Streptococcus,Streptococcus_infantis
55085,Bacteria,,Firmicutes,Bacilli,Lactobacillales,Streptococcaceae,Streptococcus,Streptococcus_thoraltensis
1305,Bacteria,,Firmicutes,Bacilli,Lactobacillales,Streptococcaceae,Streptococcus,Streptococcus_sanguinis
28037,Bacteria,,Firmicutes,Bacilli,Lactobacillales,Streptococcaceae,Streptococcus,Streptococcus_mitis
1310,Bacteria,,Firmicutes,Bacilli,Lactobacillales,Streptococcaceae,Streptococcus,Streptococcus_sobrinus
2172545,Bacteria,,Firmicutes,Bacilli,Lactobacillales,Streptococcaceae,Streptococcus,Streptococcus_halitosis
1501662,Bacteria,,Firmicutes,Bacilli,Lactobacillales,Streptococcaceae,Streptococcus,Streptococcus_parasuis
151414,Bacteria,,Proteobacteria,Alphaproteobacteria,Hyphomicrobiales,Nitrobacteraceae,Afipia,Afipia_birgiae
1035,Bacteria,,Proteobacteria,Alphaproteobacteria,Hyphomicrobiales,Nitrobacteraceae,Afipia,Afipia_felis
38402,Bacteria,,Firmicutes,Erysipelotrichia,Erysipelotrichales,Erysipelotrichaceae,Erysipelothrix,Erysipelothrix_tonsillarum
2071710,Bacteria,,Proteobacteria,Gammaproteobacteria,Enterobacterales,Enterobacteriaceae,Enterobacter,Enterobacter_sichuanensis
2497875,Bacteria,,Proteobacteria,Gammaproteobacteria,Enterobacterales,Enterobacteriaceae,Enterobacter,Enterobacter_chuandaensis
2494702,Bacteria,,Proteobacteria,Gammaproteobacteria,Enterobacterales,Enterobacteriaceae,Enterobacter,Enterobacter_huaxiensis
2529381,Bacteria,,Proteobacteria,Gammaproteobacteria,Enterobacterales,Enterobacteriaceae,Enterobacter,Enterobacter_wuhouensis
2838947,Bacteria,,Proteobacteria,Gammaproteobacteria,Enterobacterales,Enterobacteriaceae,Enterobacter,Enterobacter_quasimori
2497436,Bacteria,,Proteobacteria,Gammaproteobacteria,Enterobacterales,Enterobacteriaceae,Enterobacter,Enterobacter_quasiroggenkampii
208224,Bacteria,,Proteobacteria,Gammaproteobacteria,Enterobacterales,Enterobacteriaceae,Enterobacter,Enterobacter_kobei
1812935,Bacteria,,Proteobacteria,Gammaproteobacteria,Enterobacterales,Enterobacteriaceae,Enterobacter,Enterobacter_roggenkampii
539813,Bacteria,,Proteobacteria,Gammaproteobacteria,Enterobacterales,Enterobacteriaceae,Enterobacter,Enterobacter_mori
299767,Bacteria,,Proteobacteria,Gammaproteobacteria,Enterobacterales,Enterobacteriaceae,Enterobacter,Enterobacter_ludwigii
2529382,Bacteria,,Proteobacteria,Gammaproteobacteria,Enterobacterales,Enterobacteriaceae,Enterobacter,Enterobacter_quasihormaechei
83231,Bacteria,,Bacteroidetes,Bacteroidia,Bacteroidales,Prevotellaceae,Prevotella,Prevotella_brevis
282402,Bacteria,,Bacteroidetes,Bacteroidia,Bacteroidales,Prevotellaceae,Prevotella,Prevotella_multiformis
242750,Bacteria,,Bacteroidetes,Bacteroidia,Bacteroidales,Prevotellaceae,Prevotella,Prevotella_bergensis
425941,Bacteria,,Bacteroidetes,Bacteroidia,Bacteroidales,Prevotellaceae,Prevotella,Prevotella_nanceiensis
28132,Bacteria,,Bacteroidetes,Bacteroidia,Bacteroidales,Prevotellaceae,Prevotella,Prevotella_melaninogenica
310514,Bacteria,,Bacteroidetes,Bacteroidia,Bacteroidales,Prevotellaceae,Prevotella,Prevotella_multisaccharivorax
228604,Bacteria,,Bacteroidetes,Bacteroidia,Bacteroidales,Prevotellaceae,Prevotella,Prevotella_salivae
28134,Bacteria,,Bacteroidetes,Bacteroidia,Bacteroidales,Prevotellaceae,Prevotella,Prevotella_oralis
386414,Bacteria,,Bacteroidetes,Bacteroidia,Bacteroidales,Prevotellaceae,Prevotella,Prevotella_timonensis
1776379,Bacteria,,Bacteroidetes,Bacteroidia,Bacteroidales,Prevotellaceae,Prevotella,Prevotella_lascolaii
28136,Bacteria,,Bacteroidetes,Bacteroidia,Bacteroidales,Prevotellaceae,Prevotella,Prevotella_oulorum
28128,Bacteria,,Bacteroidetes,Bacteroidia,Bacteroidales,Prevotellaceae,Prevotella,Prevotella_corporis
28126,Bacteria,,Bacteroidetes,Bacteroidia,Bacteroidales,Prevotellaceae,Prevotella,Prevotella_buccae
2479840,Bacteria,,Bacteroidetes,Bacteroidia,Bacteroidales,Prevotellaceae,Prevotella,Prevotella_marseillensis
340486,Bacteria,,Bacteroidetes,Bacteroidia,Bacteroidales,Prevotellaceae,Prevotella,Prevotella_conceptionensis
28125,Bacteria,,Bacteroidetes,Bacteroidia,Bacteroidales,Prevotellaceae,Prevotella,Prevotella_bivia
2608404,Bacteria,,Bacteroidetes,Bacteroidia,Bacteroidales,Prevotellaceae,Prevotella,Prevotella_vespertina
419005,Bacteria,,Bacteroidetes,Bacteroidia,Bacteroidales,Prevotellaceae,Prevotella,Prevotella_amnii
28127,Bacteria,,Bacteroidetes,Bacteroidia,Bacteroidales,Prevotellaceae,Prevotella,Prevotella_buccalis
28130,Bacteria,,Bacteroidetes,Bacteroidia,Bacteroidales,Prevotellaceae,Prevotella,Prevotella_disiens
60133,Bacteria,,Bacteroidetes,Bacteroidia,Bacteroidales,Prevotellaceae,Prevotella,Prevotella_pallens
407975,Bacteria,,Bacteroidetes,Bacteroidia,Bacteroidales,Prevotellaceae,Prevotella,Prevotella_pleuritidis
470565,Bacteria,,Bacteroidetes,Bacteroidia,Bacteroidales,Prevotellaceae,Prevotella,Prevotella_histicola
1218315,Bacteria,,Proteobacteria,Alphaproteobacteria,Hyphomicrobiales,Brucellaceae,Brucella,Brucella_inopinata
444163,Bacteria,,Proteobacteria,Alphaproteobacteria,Hyphomicrobiales,Brucellaceae,Brucella,Brucella_microti
29460,Bacteria,,Proteobacteria,Alphaproteobacteria,Hyphomicrobiales,Brucellaceae,Brucella,Brucella_neotomae
29459,Bacteria,,Proteobacteria,Alphaproteobacteria,Hyphomicrobiales,Brucellaceae,Brucella,Brucella_melitensis
235,Bacteria,,Proteobacteria,Alphaproteobacteria,Hyphomicrobiales,Brucellaceae,Brucella,Brucella_abortus
29461,Bacteria,,Proteobacteria,Alphaproteobacteria,Hyphomicrobiales,Brucellaceae,Brucella,Brucella_suis
36855,Bacteria,,Proteobacteria,Alphaproteobacteria,Hyphomicrobiales,Brucellaceae,Brucella,Brucella_canis
529,Bacteria,,Proteobacteria,Alphaproteobacteria,Hyphomicrobiales,Brucellaceae,Brucella,Brucella_anthropi
2494701,Bacteria,,Proteobacteria,Gammaproteobacteria,Enterobacterales,Enterobacteriaceae,Enterobacter,Enterobacter_chengduensis
511,Bacteria,,Proteobacteria,Betaproteobacteria,Burkholderiales,Alcaligenaceae,Alcaligenes,Alcaligenes_faecalis
28116,Bacteria,,Bacteroidetes,Bacteroidia,Bacteroidales,Bacteroidaceae,Bacteroides,Bacteroides_ovatus
774,Bacteria,,Proteobacteria,Alphaproteobacteria,Hyphomicrobiales,Bartonellaceae,Bartonella,Bartonella_bacilliformis
1465,Bacteria,,Firmicutes,Bacilli,Bacillales,Paenibacillaceae,Brevibacillus,Brevibacillus_laterosporus
54914,Bacteria,,Firmicutes,Bacilli,Bacillales,Paenibacillaceae,Brevibacillus,Brevibacillus_parabrevis
1547,Bacteria,,Firmicutes,Erysipelotrichia,Erysipelotrichales,Erysipelotrichaceae,Erysipelatoclostridium,Erysipelatoclostridium_ramosum
1504,Bacteria,,Firmicutes,Clostridia,Eubacteriales,Clostridiaceae,Clostridium,Clostridium_septicum
225991,Bacteria,,Proteobacteria,Betaproteobacteria,Burkholderiales,Comamonadaceae,Comamonas,Comamonas_aquatica
33043,Bacteria,,Firmicutes,Clostridia,Eubacteriales,Lachnospiraceae,Coprococcus,Coprococcus_eutactus
853,Bacteria,,Firmicutes,Clostridia,Eubacteriales,Oscillospiraceae,Faecalibacterium,Faecalibacterium_prausnitzii
849,Bacteria,,Fusobacteria,Fusobacteriia,Fusobacteriales,Fusobacteriaceae,Fusobacterium,Fusobacterium_gonidiaformans
1379,Bacteria,,Firmicutes,Bacilli,Bacillales,,Gemella,Gemella_haemolysans
1599,Bacteria,,Firmicutes,Bacilli,Lactobacillales,Lactobacillaceae,Latilactobacillus,Latilactobacillus_sakei
75985,Bacteria,,Proteobacteria,Gammaproteobacteria,Pasteurellales,Pasteurellaceae,Mannheimia,Mannheimia_haemolytica
408,Bacteria,,Proteobacteria,Alphaproteobacteria,Hyphomicrobiales,Methylobacteriaceae,Methylorubrum,Methylorubrum_extorquens
134601,Bacteria,,Actinobacteria,Actinomycetia,Corynebacteriales,Mycobacteriaceae,Mycobacterium,Mycobacterium_goodii
1772,Bacteria,,Actinobacteria,Actinomycetia,Corynebacteriales,Mycobacteriaceae,Mycolicibacterium,Mycolicibacterium_smegmatis
256,Bacteria,,Bacteroidetes,Flavobacteriia,Flavobacteriales,Flavobacteriaceae,Myroides,Myroides_odoratus
61652,Bacteria,,Proteobacteria,Gammaproteobacteria,Enterobacterales,Yersiniaceae,Serratia,Serratia_rubidaea
2061,Bacteria,,Actinobacteria,Actinomycetia,Corynebacteriales,Tsukamurellaceae,Tsukamurella,Tsukamurella_paurometabola
33924,Bacteria,,Tenericutes,Mollicutes,Mycoplasmatales,Mycoplasmataceae,Mycoplasma,Mycoplasma_testudinis
273136,Bacteria,,Tenericutes,Mollicutes,Mycoplasmatales,Mycoplasmataceae,Mycoplasma,Mycoplasma_amphoriforme
2122,Bacteria,,Tenericutes,Mollicutes,Mycoplasmatales,Mycoplasmataceae,Mycoplasma,Mycoplasma_pirum
171632,Bacteria,,Tenericutes,Mollicutes,Mycoplasmatales,Mycoplasmataceae,Mycoplasma,Mycoplasma_ovis
2095,Bacteria,,Tenericutes,Mollicutes,Mycoplasmatales,Mycoplasmataceae,Mycoplasma,Mycoplasma_capricolum
2104,Bacteria,,Tenericutes,Mollicutes,Mycoplasmatales,Mycoplasmataceae,Mycoplasma,Mycoplasma_pneumoniae
2097,Bacteria,,Tenericutes,Mollicutes,Mycoplasmatales,Mycoplasmataceae,Mycoplasma,Mycoplasma_genitalium
83557,Bacteria,,Chlamydiae,Chlamydiia,Chlamydiales,Chlamydiaceae,Chlamydia,Chlamydia_caviae
1457153,Bacteria,,Chlamydiae,Chlamydiia,Chlamydiales,Chlamydiaceae,Chlamydia,Chlamydia_gallinacea
83555,Bacteria,,Chlamydiae,Chlamydiia,Chlamydiales,Chlamydiaceae,Chlamydia,Chlamydia_abortus
83559,Bacteria,,Chlamydiae,Chlamydiia,Chlamydiales,Chlamydiaceae,Chlamydia,Chlamydia_suis
83556,Bacteria,,Chlamydiae,Chlamydiia,Chlamydiales,Chlamydiaceae,Chlamydia,Chlamydia_felis
85991,Bacteria,,Chlamydiae,Chlamydiia,Chlamydiales,Chlamydiaceae,Chlamydia,Chlamydia_pecorum
334545,Bacteria,,Proteobacteria,Alphaproteobacteria,Rickettsiales,Rickettsiaceae,Rickettsia,Rickettsia_tamurae
238800,Bacteria,,Proteobacteria,Alphaproteobacteria,Rickettsiales,Rickettsiaceae,Rickettsia,Rickettsia_asiatica
35790,Bacteria,,Proteobacteria,Alphaproteobacteria,Rickettsiales,Rickettsiaceae,Rickettsia,Rickettsia_japonica
1068590,Bacteria,,Proteobacteria,Alphaproteobacteria,Rickettsiales,Rickettsiaceae,Rickettsia,Rickettsia_asembonensis
45262,Bacteria,,Proteobacteria,Alphaproteobacteria,Rickettsiales,Rickettsiaceae,Rickettsia,Rickettsia_aeschlimannii
33989,Bacteria,,Proteobacteria,Alphaproteobacteria,Rickettsiales,Rickettsiaceae,Rickettsia,Rickettsia_amblyommatis
109232,Bacteria,,Proteobacteria,Alphaproteobacteria,Rickettsiales,Rickettsiaceae,Rickettsia,Rickettsia_monacensis
786,Bacteria,,Proteobacteria,Alphaproteobacteria,Rickettsiales,Rickettsiaceae,Rickettsia,Rickettsia_akari
787,Bacteria,,Proteobacteria,Alphaproteobacteria,Rickettsiales,Rickettsiaceae,Rickettsia,Rickettsia_australis
35794,Bacteria,,Proteobacteria,Alphaproteobacteria,Rickettsiales,Rickettsiaceae,Rickettsia,Rickettsia_slovaca
781,Bacteria,,Proteobacteria,Alphaproteobacteria,Rickettsiales,Rickettsiaceae,Rickettsia,Rickettsia_conorii
35793,Bacteria,,Proteobacteria,Alphaproteobacteria,Rickettsiales,Rickettsiaceae,Rickettsia,Rickettsia_sibirica
783,Bacteria,,Proteobacteria,Alphaproteobacteria,Rickettsiales,Rickettsiaceae,Rickettsia,Rickettsia_rickettsii
35788,Bacteria,,Proteobacteria,Alphaproteobacteria,Rickettsiales,Rickettsiaceae,Rickettsia,Rickettsia_africae
42862,Bacteria,,Proteobacteria,Alphaproteobacteria,Rickettsiales,Rickettsiaceae,Rickettsia,Rickettsia_felis
945,Bacteria,,Proteobacteria,Alphaproteobacteria,Rickettsiales,Anaplasmataceae,Ehrlichia,Ehrlichia_chaffeensis
92181,Bacteria,,Proteobacteria,Alphaproteobacteria,Hyphomicrobiales,Bartonellaceae,Bartonella,Bartonella_koehlerae
803,Bacteria,,Proteobacteria,Alphaproteobacteria,Hyphomicrobiales,Bartonellaceae,Bartonella,Bartonella_quintana
2133959,Bacteria,,Proteobacteria,Alphaproteobacteria,Hyphomicrobiales,Bartonellaceae,Bartonella,Bartonella_kosoyi
2699889,Bacteria,,Proteobacteria,Alphaproteobacteria,Hyphomicrobiales,Bartonellaceae,Bartonella,Bartonella_gabonensis
52764,Bacteria,,Proteobacteria,Alphaproteobacteria,Hyphomicrobiales,Bartonellaceae,Bartonella,Bartonella_alsatica
807,Bacteria,,Proteobacteria,Alphaproteobacteria,Hyphomicrobiales,Bartonellaceae,Bartonella,Bartonella_elizabethae
33047,Bacteria,,Proteobacteria,Alphaproteobacteria,Hyphomicrobiales,Bartonellaceae,Bartonella,Bartonella_vinsonii
1318743,Bacteria,,Proteobacteria,Alphaproteobacteria,Hyphomicrobiales,Bartonellaceae,Bartonella,Bartonella_ancashensis
33045,Bacteria,,Proteobacteria,Alphaproteobacteria,Hyphomicrobiales,Bartonellaceae,Bartonella,Bartonella_grahamii
373638,Bacteria,,Proteobacteria,Alphaproteobacteria,Hyphomicrobiales,Bartonellaceae,Bartonella,Bartonella_tamiae
388640,Bacteria,,Proteobacteria,Alphaproteobacteria,Hyphomicrobiales,Bartonellaceae,Bartonella,Bartonella_australis
40834,Bacteria,,Spirochaetes,Spirochaetia,Spirochaetales,Borreliaceae,Borrelia,Borrelia_duttonii
229155,Bacteria,,Spirochaetes,Spirochaetia,Spirochaetales,Borreliaceae,Borrelia,Borrelia_turcica
140,Bacteria,,Spirochaetes,Spirochaetia,Spirochaetales,Borreliaceae,Borrelia,Borrelia_hermsii
44449,Bacteria,,Spirochaetes,Spirochaetia,Spirochaetales,Borreliaceae,Borrelia,Borrelia_recurrentis
141,Bacteria,,Spirochaetes,Spirochaetia,Spirochaetales,Borreliaceae,Borrelia,Borrelia_parkeri
40835,Bacteria,,Spirochaetes,Spirochaetia,Spirochaetales,Borreliaceae,Borrelia,Borrelia_hispanica
44448,Bacteria,,Spirochaetes,Spirochaetia,Spirochaetales,Borreliaceae,Borrelia,Borrelia_persica
29520,Bacteria,,Spirochaetes,Spirochaetia,Spirochaetales,Borreliaceae,Borrelia,Borrelia_crocidurae
134821,Bacteria,,Tenericutes,Mollicutes,Mycoplasmatales,Mycoplasmataceae,Ureaplasma,Ureaplasma_parvum
329,Bacteria,,Proteobacteria,Betaproteobacteria,Burkholderiales,Burkholderiaceae,Ralstonia,Ralstonia_pickettii
29466,Bacteria,,Bacillota,Negativicutes,Veillonellales,Veillonellaceae,Veillonella,Veillonella_parvula
28449,Bacteria,,Proteobacteria,Betaproteobacteria,Neisseriales,Neisseriaceae,Neisseria,Neisseria_subflava
1177574,Bacteria,,Bacteroidota,Bacteroidia,Bacteroidales,Prevotellaceae,Prevotella,Prevotella_jejuni
33033,Bacteria,,Bacillota,Tissierellia,Tissierellales,Peptoniphilaceae,Parvimonas,Parvimonas_micra
28112,Bacteria,,Bacteroidota,Bacteroidia,Bacteroidales,Tannerellaceae,Tannerella,Tannerella_forsythia
359110,Bacteria,,Proteobacteria,Gammaproteobacteria,Pseudomonadales,Pseudomonadaceae,Pseudomonas,Pseudomonas_extremaustralis
173,Bacteria,,Spirochaetes,Spirochaetia,Leptospirales,Leptospiraceae,Leptospira,Leptospira_interrogans
860,Bacteria,,Fusobacteria,Fusobacteriia,Fusobacteriales,Fusobacteriaceae,Fusobacterium,Fusobacterium_periodonticum
84135,Bacteria,,Bacillota,Bacilli,Bacillales,,Gemella,Gemella_sanguinis
1747,Bacteria,,Actinomycetota,Actinomycetes,Propionibacteriales,Propionibacteriaceae,Cutibacterium,Cutibacterium_acnes
951,Bacteria,,Pseudomonadota,Alphaproteobacteria,Rickettsiales,Anaplasmataceae,Neorickettsia,Neorickettsia_sennetsu
29508,Bacteria,,Spirochaetota,Spirochaetia,Leptospirales,Leptospiraceae,Leptospira,Leptospira_meyeri
